epoch,time,train/box_loss,train/cls_loss,train/dfl_loss,metrics/precision(B),metrics/recall(B),metrics/mAP50(B),metrics/mAP50-95(B),val/box_loss,val/cls_loss,val/dfl_loss,lr/pg0,lr/pg1,lr/pg2
1,58.064,1.36561,5.7198,2.04195,0.95895,0.97905,0.99386,0.64197,1.18765,2.60328,2.39566,0.0801787,5.96429e-05,5.96429e-05
2,115.003,1.15251,3.33749,1.81244,0.95608,0.90125,0.96676,0.62725,1.21907,3.02112,2.32683,0.0602384,0.000119347,0.000119347
3,170.843,1.13133,3.22978,1.82743,0.91857,0.81595,0.95279,0.54955,1.31447,3.40275,2.41868,0.0402978,0.000178754,0.000178754
4,226.852,1.1003,3.05353,1.7824,0.90879,0.92152,0.96875,0.53062,1.48,3.10955,2.45017,0.0203569,0.000237864,0.000237864
5,283.088,1.10152,2.99322,1.7864,0.93591,0.93915,0.98686,0.59338,1.38765,3.04644,2.78129,0.000415724,0.000296676,0.000296676
6,339.398,1.05318,2.86898,1.73274,0.90079,0.94739,0.96662,0.49989,1.61122,3.33605,3.05302,0.000296288,0.000296288,0.000296288
7,395.727,1.02172,2.70309,1.714,0.89514,0.98054,0.98764,0.69114,1.08581,2.44177,2.03462,0.000295545,0.000295545,0.000295545
8,452.085,1.02681,2.70757,1.72342,0.971,0.95031,0.98956,0.69326,1.08024,2.45266,2.32057,0.000294802,0.000294802,0.000294802
9,508.195,0.99254,2.58343,1.68392,0.96909,0.98599,0.98521,0.62491,1.27173,2.40195,2.61823,0.00029406,0.00029406,0.00029406
10,564.319,0.9757,2.48279,1.67631,0.99209,0.93284,0.98879,0.65117,1.21151,2.35651,2.26933,0.000293317,0.000293317,0.000293317
11,620.611,0.97172,2.37907,1.65047,0.99423,0.98756,0.99446,0.68912,1.17492,2.03063,2.17083,0.000292575,0.000292575,0.000292575
12,676.943,0.96073,2.38112,1.65728,0.9852,0.99087,0.99316,0.71551,1.01435,2.007,1.87914,0.000291833,0.000291833,0.000291833
13,732.72,0.9376,2.31758,1.63468,0.99167,0.99093,0.9948,0.69886,1.14147,1.98083,2.32664,0.00029109,0.00029109,0.00029109
14,788.851,0.92708,2.27503,1.61878,0.98756,0.9982,0.9919,0.7107,1.08458,1.99465,2.1273,0.000290347,0.000290347,0.000290347
15,844.739,0.92699,2.30634,1.62208,0.96561,0.97592,0.98784,0.66457,1.1745,2.31336,2.18315,0.000289605,0.000289605,0.000289605
16,898.604,0.91409,2.24353,1.61417,0.96443,0.95319,0.98315,0.65017,1.27697,2.51087,2.38785,0.000288862,0.000288862,0.000288862
17,955.205,0.90715,2.23548,1.59945,0.99661,1,0.995,0.73077,0.96159,1.87443,1.85478,0.00028812,0.00028812,0.00028812
18,1011.61,0.90336,2.18766,1.60554,0.99095,0.99709,0.99493,0.68936,1.09735,1.96536,2.04683,0.000287377,0.000287377,0.000287377
19,1068.04,0.9039,2.16948,1.60108,0.99391,0.99502,0.995,0.70604,1.10408,2.11876,2.1447,0.000286635,0.000286635,0.000286635
20,1123.9,0.89041,2.10912,1.59669,0.90712,0.96269,0.96989,0.60959,1.33788,2.56227,2.37261,0.000285893,0.000285893,0.000285893
21,1179.98,0.8896,2.14683,1.58366,0.98284,0.99502,0.99475,0.72067,1.04752,2.04109,2.1215,0.00028515,0.00028515,0.00028515
22,1236.29,0.87046,2.06596,1.57248,0.99268,0.99589,0.995,0.77157,0.87643,1.7956,1.73353,0.000284407,0.000284407,0.000284407
23,1292.77,0.86942,2.02139,1.56739,0.93213,0.99254,0.9874,0.68849,1.09399,2.14774,2.02516,0.000283665,0.000283665,0.000283665
24,1349.09,0.84707,1.98297,1.56243,0.98893,0.98409,0.9947,0.74211,0.96139,1.87521,1.93238,0.000282922,0.000282922,0.000282922
25,1405.46,0.86414,2.06916,1.56748,0.99186,0.99655,0.99495,0.68255,1.17924,1.90121,2.36335,0.00028218,0.00028218,0.00028218
26,1461.93,0.86074,2.07764,1.5651,0.98354,1,0.99282,0.73593,0.99119,1.8428,1.98631,0.000281437,0.000281437,0.000281437
27,1518.01,0.83672,1.99099,1.55762,0.98453,0.96673,0.98963,0.66731,1.25182,2.3879,2.69187,0.000280695,0.000280695,0.000280695
28,1574.79,0.85196,1.9968,1.55378,0.9959,1,0.99339,0.67829,1.21205,2.05693,2.42976,0.000279952,0.000279952,0.000279952
29,1630.85,0.84765,1.96587,1.55577,0.99457,0.98356,0.99485,0.72518,1.0143,2.02977,1.98214,0.00027921,0.00027921,0.00027921
30,1687.23,0.83918,1.9615,1.54304,0.99466,0.99873,0.995,0.70831,1.0552,1.82516,2.11855,0.000278467,0.000278467,0.000278467
31,1743.58,0.84636,1.96506,1.54606,0.98189,0.94524,0.98955,0.71889,1.09215,2.53348,2.18674,0.000277725,0.000277725,0.000277725
32,1799.9,0.83067,1.92992,1.53619,0.99194,0.9852,0.99485,0.76549,0.96789,1.71333,2.11608,0.000276982,0.000276982,0.000276982
33,1856.17,0.8172,1.88161,1.52851,0.94253,1,0.96948,0.69613,1.0354,1.89085,1.85439,0.00027624,0.00027624,0.00027624
34,1912.44,0.81634,1.91858,1.52434,0.97923,0.99578,0.99493,0.70454,1.10677,1.80272,2.5767,0.000275497,0.000275497,0.000275497
35,1968.7,0.82203,1.88423,1.52659,0.97724,1,0.99465,0.71763,1.07225,2.08055,2.19054,0.000274755,0.000274755,0.000274755
36,2024.95,0.81138,1.89463,1.52539,0.97693,0.99082,0.99455,0.71149,1.07166,1.76892,2.20486,0.000274012,0.000274012,0.000274012
37,2080.92,0.80824,1.91399,1.52281,0.99922,1,0.995,0.73511,1.04611,1.73852,2.21054,0.00027327,0.00027327,0.00027327
38,2136.91,0.80019,1.87654,1.50326,0.98091,1,0.99497,0.7595,0.94958,1.74414,1.99017,0.000272527,0.000272527,0.000272527
39,2193.35,0.79915,1.84554,1.51096,0.98827,0.98756,0.9947,0.7283,1.03706,1.72395,2.11373,0.000271785,0.000271785,0.000271785
40,2249.72,0.82764,1.88218,1.52246,0.97711,0.98961,0.99158,0.71301,1.10998,1.9166,2.25551,0.000271042,0.000271042,0.000271042
41,2306.13,0.78971,1.83576,1.50919,0.99102,0.98507,0.99463,0.73055,1.00061,1.82896,2.04188,0.0002703,0.0002703,0.0002703
42,2362.14,0.79962,1.81606,1.51539,0.99901,0.99751,0.995,0.72565,1.0073,1.84644,2.03465,0.000269557,0.000269557,0.000269557
43,2418.33,0.80303,1.84097,1.50438,0.98566,0.99335,0.99423,0.67452,1.27035,2.08906,2.56003,0.000268815,0.000268815,0.000268815
44,2474.9,0.79773,1.88183,1.51227,0.97827,0.98507,0.99384,0.65185,1.30436,2.10756,2.30336,0.000268072,0.000268072,0.000268072
45,2531.06,0.78154,1.80339,1.50943,0.98895,0.9991,0.9946,0.74099,0.94711,1.72181,1.8584,0.00026733,0.00026733,0.00026733
46,2587.35,0.77843,1.78517,1.49906,0.99128,1,0.99498,0.7175,1.0432,1.77777,2.12799,0.000266587,0.000266587,0.000266587
47,2644.49,0.80849,1.84434,1.50866,0.99645,1,0.995,0.74709,0.98162,1.78553,2.03424,0.000265845,0.000265845,0.000265845
